[
  {
    "id": 1,
    "user_id": 1,
    "hotel_id": 1,
    "post_type": "review",
    "rating": 5,
    "content": "객실이 깨끗하고 조용했어요!",
    "created_at": "2024-02-10"
  },
  {
    "id": 2,
    "user_id": 2,
    "hotel_id": 1,
    "post_type": "review",
    "rating": 4,
    "content": "서비스가 좋았지만 조식이 아쉬웠어요.",
    "created_at": "2024-02-11"
  },
  {
    "id": 3,
    "user_id": 3,
    "hotel_id": 2,
    "post_type": "qna",
    "rating": null,
    "content": "반려동물 동반 가능한가요?",
    "created_at": "2024-02-12"
  },
  {
    "id": 4,
    "user_id": 4,
    "hotel_id": 3,
    "post_type": "qna",
    "rating": null,
    "content": "체크인 시간이 몇 시부터인가요?",
    "created_at": "2024-02-13"
  },
  {
    "id": 5,
    "user_id": 5,
    "hotel_id": 3,
    "post_type": "review",
    "rating": 5,
    "content": "오션뷰 객실이 최고였습니다!",
    "created_at": "2024-02-14"
  }
]
