[
  {
    "id": 110120250215,
    "user_id": 1,
    "room_id": 1101,
    "check_in": "2025-02-15",
    "check_out": "2025-02-18",
    "status": "confirmed",
    "guest_count": 2
  },
  {
    "id": 110220250220,
    "user_id": 2,
    "room_id": 1102,
    "check_in": "2025-02-20",
    "check_out": "2025-02-22",
    "status": "pending",
    "guest_count": 2
  },
  {
    "id": 220120250301,
    "user_id": 3,
    "room_id": 2201,
    "check_in": "2025-03-01",
    "check_out": "2025-03-05",
    "status": "confirmed",
    "guest_count": 3
  },
  {
    "id": 220220250310,
    "user_id": 4,
    "room_id": 2202,
    "check_in": "2025-03-10",
    "check_out": "2025-03-13",
    "status": "canceled",
    "guest_count": 4
  },
  {
    "id": 330120250315,
    "user_id": 5,
    "room_id": 3301,
    "check_in": "2025-03-15",
    "check_out": "2025-03-17",
    "status": "confirmed",
    "guest_count": 2
  }
]
