[
  {
    "id": 1,
    "name": "김철수",
    "email": "chulsoo@example.com",
    "password": "pass1234"
  },
  {
    "id": 2,
    "name": "이영희",
    "email": "younghee@example.com",
    "password": "pass5678"
  },
  {
    "id": 3,
    "name": "박지훈",
    "email": "jihoon@example.com",
    "password": "pass91011"
  },
  {
    "id": 4,
    "name": "정다은",
    "email": "daeun@example.com",
    "password": "pass1213"
  },
  {
    "id": 5,
    "name": "최민호",
    "email": "minho@example.com",
    "password": "pass1415"
  }
]
